## 数据类型的分类

在mysql中有3中基本数据类型，分别如下：

* 数字
* 字符串
* 日期和时间


这三种类型需要不同的存储空间，一般来说，选择列数据类型的时候，基本原则是选择可以满足数据的最小类型。



#### 数字类型

数字类型可以分为以下两个大类型：

* 整型
* 浮点型

关键字INT是INTEGER的同义词，关键字DEC是DECIMAL的同义词。


类型	| 大小  | 范围（有符号）	| 范围（无符号）| 用途
----- | ----- | ----- | ----- |-----
TINYINT | 1 字节 | (-128，127)	| (0，255) | 小整数值
SMALLINT | 2 字节 | (-32 768，32 767)	 | (0，65 535)	 | 大整数值
MEDIUMINT	 | 3 字节	 | (-8 388 608，8 388 607)	 | (0，16 777 215)	 | 大整数值
INT或INTEGER	 | 4 字节	 | (-2 147 483 648，2 147 483 647) | 	(0，4 294 967 295) | 	大整数值
BIGINT	 | 8 字节	 | (-9 233 372 036 854 775 808，9 223 372 036 854 775 807) | (0，18 446 744 073 709 551 615)	 | 极大整数值
FLOAT  | 4 字节 | (-3.402 823 466 E+38，-1.175 494 351 E-38)，0，(1.175 494 351 E-38，3.402 823 466 351 E+38)  | 0，(1.175 494 351 E-38，3.402 823 466 E+38)	 | 单精度, 浮点数值
DOUBLE	 | 8 字节	 | (-1.797 693 134 862 315 7 E+308，-2.225 073 858 507 201 4 E-308)，0，(2.225 073 858 507 201 4 E-308，1.797 693 134 862 315 7 E+308) | 0，(2.225 073 858 507 201 4 E-308，1.797 693 134 862 315 7 E+308) | 双精度,浮点数值
DECIMAL | 对DECIMAL(M,D) ，如果M>D，为M+2否则为D+2	 | 依赖于M和D的值	 | 依赖于M和D的值	 | 小数值


**关键字：UNSIGNED-----这个代表无符号整型数据类型，在创建表的时候，可以在创建字段同时指定字段的数据类型，加上这个关键字，则代表其数字只取无符号的数据**

#### zerofill代表什么，该怎么用呢？

注意：**对于所有的数字类型，都可以指定zerofill(填充0)属性，当显示zerofill字段的值时，空余部分用前导0来补充。如果将一个字段指定为zerofill，它将自动成为UNSIGNED数据类型**---也就是说：在列中使用zerofill，如插入int(4),你插入1，显示0001，你插入55555，显示也是55555，插入负数显示为0000，因为mysql自动增加UNSIGNED属性 UNSIGNED不能为负数,当你插入负数时就显示0。

tinyint(1) 和 tinyint(4) 中的1和4并不表示存储长度，只有字段指定zerofill是有用，
如tinyint(4)，如果实际值是2，如果列指定了zerofill，查询结果就是0002，左边用0来填充。

例如：

```mysql

/*创建表*/
CREATE TABLE test(
a INT ZEROFILL,
b int
);

/*查看表的字段*/
DESC list;

/*结果显示为
a的type类型为：int(10) unsigned zerofill-----注意，我们并没有制定unsigned的属性，但是这里却有，
这是因为只要制定zerofill属性，就会自动获取unsigned的熟悉。
b的type类型为：int(11)
*/

/*插入数据*/
INSERT list VALUES(1, 2);

/*查看插入的记录*/
SELECT * FROM list;

/*
结果显示：
a-----0000000001; int(10) 里面的数字代表的是，字段如果指定了zerofill属性的话，那么其空余
部分都用前导0来补充。
b----2;
*/
```



#### 对于float和double类型来说的话，其后面的M和D，代表的是什么意思呢？

float(5,2)-------其中M代表的是精度，即数字的位数，D代表的是标度，小数点后面的位数。
所以float(5,2)代表的是一共有五位数，小数点后面有两位，而小数点前面最多三位，最大的
就只有999.99



#### decimal类型

* DECIMAL(N,M)中M值的是小数部分的位数，若插入的值未指定小数部分或者小数部分不足M位则会自动补到M位小数，若插入的值小数部分超过了M为则会发生截断，截取前M位小数。

* N值得是整数部分加小数部分的总长度，也即插入的数字整数部分不能超过N-M位，否则不能成功插入，会报超出范围的错误。

decimal类型与float、double类型的比较？

```mysql
mysql> create table t1(c1 float(10,2), c3 decimal(10,2));
Query OK, 0 rows affected (0.02 sec)

mysql> insert into t1 values(1234567.23, 1234567.23);
Query OK, 1 row affected (0.01 sec)

mysql> select * from t1;
+------------+------------+
| c1 | c3 |
+------------+------------+
| 1234567.25 | 1234567.23 |
+------------+------------+
1 row in set (0.02 sec)

mysql> insert into t1 values(9876543.21, 9876543.12);
Query OK, 1 row affected (0.00 sec)

mysql>
mysql> select * from t1;
+------------+------------+
| c1 | c3 |
+------------+------------+
| 1234567.25 | 1234567.23 |
| 9876543.00 | 9876543.12 |
+------------+------------+
2 rows in set (0.00 sec)
```
float、double对象小数会产生精度的损失，而decimal比前两者的精度更高。


**DECIMAL一一例如存储财务数据。这里需要小数点都要准确的计算。**


#### 日期和时间类型

表示时间值的日期和时间类型为DATETIME、DATE、TIMESTAMP、TIME和YEAR。每个时间类型有一个有效值范围和一个"零"值，当指定不合法的MySQL不能表示的值时使用"零"值。TIMESTAMP类型有专有的自动更新特性。



类型	| 大小(字节) | 范围 |格式	| 用途
----- | ----- | ----- | -----| -----
DATE | 3	| 1000-01-01/9999-12-31|	YYYY-MM-DD	|日期值
TIME | 3 | '-838:59:59'/'838:59:59' | HH:MM:SS | 时间值或持续时间
YEAR| (2 或者 4) | 1| 1901/2155| YYYY| 年份值,可以指定2位数字和4位数字格式
DATETIME | 8 |1000-01-01 00:00:00/9999-12-31 23:59:59|YYYY-MM-DD HH:MM:SS|混合日期和时间值
TIMESTAMP|4	|1970-01-01 00:00:00/2037 年某时	|YYYYMMDD HHMMSS	|混合日期和时间值，时间戳



#### 字符串类型

字符串的类型可以分为如下几类：

* 普通字符串（即小段文本），包括CHAR---固定长度字符类型，VARCHAR---可变字符长度类型。
* TEXT和BLOB类型，这些类型大小可变，他们分别适用于长文本和二进制数据。
   * BLOB全称为二进制对象，它支持任何数据，例如：图像或声音数据。
   * TEXT 是区分大小写，而BLOB是不区分大小写的，除了这个这个两个本无太大的区别。
* 两种特殊类型SET和ENUM。
   * SET类型用来指定列中的值必须来自一个特定集合中的指定值，列的值可以包含来自该集合的多个值。在指定的集合中，最大可以有64个元素。
   * ENUM就是枚举，与SET类型非常相似，但是该类型的列可以只有一个指定集合中的值或者NULL，在枚举中最大还可以有65535个元素。


类型	 |大小 | 用途
----- | ----- | -----
CHAR  | 0-255字节 | 	定长字符串
VARCHAR | 	0-65535 字节	 | 变长字符串
TINYBLOB | 	0-255字节 | 	不超过 255 个字符的二进制字符串
TINYTEXT | 	0-255字节 | 	短文本字符串
BLOB	 | 0-65 535字节	 | 二进制形式的长文本数据
TEXT	 | 0-65 535字节	 | 长文本数据
MEDIUMBLOB | 	0-16 777 215字节 | 	二进制形式的中等长度文本数据
MEDIUMTEXT	 | 0-16 777 215字节	 | 中等长度文本数据
LONGBLOB	 | 0-4 294 967 295字节	 | 二进制形式的极大文本数据
LONGTEXT	 | 0-4 294 967 295字节	 | 极大文本数据
ENUM  | 65535 | 该类型的列只可以容纳所列值之一或NULL
SET | 64 | 该类型的列可以容纳一组值或者NULL


看个例子：

```mysql
/* 创建表格 */
mysql> create table enum_set_table(
    -> id int auto_increment primary key,
    -> gender enum('M','F'),
    -> hobby set('music','movie','swimming','footbal')
    -> );
Query OK, 0 rows affected (0.01 sec)

/* 一个enum值，一个set值，二者均使用选项的字符串格式 */
mysql> insert into enum_set_table(id,gender,hobby) values(null,'M','music');
Query OK, 1 row affected (0.01 sec)

/* 一个enum值，多个set值，二者均使用选项的字符串格式 */
mysql> insert into enum_set_table(id,gender,hobby) values(null,'F','music,movie,footbal');
Query OK, 1 row affected (0.00 sec)

/* 一个enum值，一个set值，二者均使用选项的数字格式 */
mysql> insert into enum_set_table(id,gender,hobby) values(null,1,1);
Query OK, 1 row affected (0.00 sec)

/* 一个enum值，多个set值，二者均使用选项的数字格式，
其中enum的值 2<=>'F',15=1+2+4+8 <=> 'music,movie,swimming,footbal' */
mysql> insert into enum_set_table(id,gender,hobby) values(null,2,15);
Query OK, 1 row affected (0.00 sec)

/* 一个enum值，多个set值，enum值使用选项的字符串格式，
set值使用选项的数字格式，7=1+2+4 <=> 'music,movie,swimming' */
mysql> insert into enum_set_table(id,gender,hobby) values(null,'F',7);
Query OK, 1 row affected (0.01 sec)

/* 查询结果 */
mysql> select * from enum_set_table;
+----+--------+------------------------------+
| id | gender | hobby                        |
+----+--------+------------------------------+
|  1 | M      | music                        |
|  2 | F      | music,movie,footbal          |
|  3 | M      | music                        |
|  4 | F      | music,movie,swimming,footbal |
|  5 | F      | music,movie,swimming         |
+----+--------+------------------------------+
5 rows in set (0.00 sec)
```



* CHAR和VARCHAR类型类似，但它们保存和检索的方式不同。它们的最大长度和是否尾部空格被保留等方面也不同。在存储或检索过程中不进行大小写转换。
* BINARY和VARBINARY类类似于CHAR和VARCHAR，不同的是它们包含二进制字符串而不要非二进制字符串。也就是说，它们包含字节字符串而不是字符字符串。这说明它们没有字符集，并且排序和比较基于列值字节的数值值。
* BLOB是一个二进制大对象，可以容纳可变数量的数据。有4种BLOB类型：TINYBLOB、BLOB、MEDIUMBLOB和LONGBLOB。它们只是可容纳值的最大长度不同。
* 有4种TEXT类型：TINYTEXT、TEXT、MEDIUMTEXT和LONGTEXT。这些对应4种BLOB类型，有相同的最大长度和存储需求。




## 什么是位、字节、字

* 位："位(bit)"是电子计算机中最小的数据单位。每一位的状态只能是0或1。
* 字节：8个二进制位构成1个"字节(Byte)"，它是存储空间的基本计量单位。1个字节可以储存1个英文字母或者半个汉字，换句话说，1个汉字占据2个字节的存储空间。
* 字："字"由若干个字节构成，字的位数叫做字长，不同档次的机器有不同的字长。例如一台8位机，它的1个字就等于1个字节，字长为8位。如果是一台16位机，那么，它的1个字就由2个字节构成，字长为16位。字是计算机进行数据处理和运算的单位。


## 参考文章

[mysql中的数据类型enum和set](http://www.cnblogs.com/benbenzhu/p/5604598.html)
[MySQL: tinyint(1) 和 tinyint(4)， char 和varchar](http://djkin.iteye.com/blog/1700322)
[MySQL 数据类型](http://www.runoob.com/mysql/mysql-data-types.html)
《PHP和MySQL Web开发》